"model","cfi","tli","rmsea","srmr","delta_cfi","delta_rmsea"
"configural",1,1.01411955823535,0,0.044072925118491,NA,NA
"metric",1,1.00892381361199,0,0.0502016264399993,0,0
"scalar",1,1.01151891941163,0,0.0457028937812746,0,0
